{
  "device": {
    "name": "Intel RealSense D455",
    "serial": "333422305423",
    "firmware": "5.13.0.55"
  },
  "streams": {
    "infrared": {
      "width": 640,
      "height": 480,
      "fps": 30,
      "model": "distortion.brown_conrady",
      "fx": 389.4983215332031,
      "fy": 389.4983215332031,
      "ppx": 320.81695556640625,
      "ppy": 244.34730529785156,
      "coeffs": [
        0.0,
        0.0,
        0.0,
        0.0,
        0.0
      ]
    },
    "infrared_1": {
      "width": 640,
      "height": 480,
      "fps": 30,
      "model": "distortion.brown_conrady",
      "fx": 389.4983215332031,
      "fy": 389.4983215332031,
      "ppx": 320.81695556640625,
      "ppy": 244.34730529785156,
      "coeffs": [
        0.0,
        0.0,
        0.0,
        0.0,
        0.0
      ]
    },
    "infrared_2": {
      "width": 640,
      "height": 480,
      "fps": 30,
      "model": "distortion.brown_conrady",
      "fx": 389.4983215332031,
      "fy": 389.4983215332031,
      "ppx": 320.81695556640625,
      "ppy": 244.34730529785156,
      "coeffs": [
        0.0,
        0.0,
        0.0,
        0.0,
        0.0
      ]
    },
    "depth": {
      "width": 640,
      "height": 480,
      "fps": 30,
      "model": "distortion.brown_conrady",
      "fx": 389.4983215332031,
      "fy": 389.4983215332031,
      "ppx": 320.81695556640625,
      "ppy": 244.34730529785156,
      "coeffs": [
        0.0,
        0.0,
        0.0,
        0.0,
        0.0
      ]
    },
    "color": {
      "width": 640,
      "height": 480,
      "fps": 30,
      "model": "distortion.inverse_brown_conrady",
      "fx": 386.0743408203125,
      "fy": 385.5809020996094,
      "ppx": 320.0964050292969,
      "ppy": 247.5174560546875,
      "coeffs": [
        -0.055523086339235306,
        0.06394790858030319,
        0.00010642447887221351,
        0.0011370545253157616,
        -0.020968159660696983
      ]
    }
  },
  "imu": {
    "accel": {
      "fps": 400,
      "data": [
        [
          1.0,
          0.0,
          0.0,
          0.0
        ],
        [
          0.0,
          1.0,
          0.0,
          0.0
        ],
        [
          0.0,
          0.0,
          1.0,
          0.0
        ]
      ],
      "noise_variances": [
        0.0,
        0.0,
        0.0
      ],
      "bias_variances": [
        0.0,
        0.0,
        0.0
      ]
    },
    "gyro": {
      "fps": 400,
      "data": [
        [
          1.0,
          0.0,
          0.0,
          0.0
        ],
        [
          0.0,
          1.0,
          0.0,
          0.0
        ],
        [
          0.0,
          0.0,
          1.0,
          0.0
        ]
      ],
      "noise_variances": [
        0.0,
        0.0,
        0.0
      ],
      "bias_variances": [
        0.0,
        0.0,
        0.0
      ]
    }
  },
  "extrinsics": {
    "infrared_1_to_infrared": [
      [
        1.0,
        0.0,
        0.0,
        0.0
      ],
      [
        0.0,
        1.0,
        0.0,
        0.0
      ],
      [
        0.0,
        0.0,
        1.0,
        0.0
      ],
      [
        0.0,
        0.0,
        0.0,
        1.0
      ]
    ],
    "infrared_1_to_infrared_2": [
      [
        1.0,
        0.0,
        0.0,
        -0.09503115713596344
      ],
      [
        0.0,
        1.0,
        0.0,
        0.0
      ],
      [
        0.0,
        0.0,
        1.0,
        0.0
      ],
      [
        0.0,
        0.0,
        0.0,
        1.0
      ]
    ],
    "infrared_1_to_depth": [
      [
        1.0,
        0.0,
        0.0,
        0.0
      ],
      [
        0.0,
        1.0,
        0.0,
        0.0
      ],
      [
        0.0,
        0.0,
        1.0,
        0.0
      ],
      [
        0.0,
        0.0,
        0.0,
        1.0
      ]
    ],
    "infrared_1_to_color": [
      [
        0.9999998807907104,
        -0.00040609855204820633,
        0.00035685530747286975,
        -0.05914374068379402
      ],
      [
        0.000406331178965047,
        0.9999997019767761,
        -0.0006519946618936956,
        -4.852331767324358e-05
      ],
      [
        -0.000356590433511883,
        0.0006521395989693701,
        0.9999997019767761,
        0.00023560658155474812
      ],
      [
        0.0,
        0.0,
        0.0,
        1.0
      ]
    ],
    "infrared_1_to_accel": [
      [
        1.0,
        0.0,
        0.0,
        -0.030220000073313713
      ],
      [
        0.0,
        1.0,
        0.0,
        0.007400000002235174
      ],
      [
        0.0,
        0.0,
        1.0,
        0.016019999980926514
      ],
      [
        0.0,
        0.0,
        0.0,
        1.0
      ]
    ],
    "infrared_1_to_gyro": [
      [
        1.0,
        0.0,
        0.0,
        -0.030220000073313713
      ],
      [
        0.0,
        1.0,
        0.0,
        0.007400000002235174
      ],
      [
        0.0,
        0.0,
        1.0,
        0.016019999980926514
      ],
      [
        0.0,
        0.0,
        0.0,
        1.0
      ]
    ]
  },
  "stereo_baseline_m": 0.09503115713596344,
  "T_b_c1_seed": [
    [
      1.0,
      0.0,
      0.0,
      -0.030220000073313713
    ],
    [
      0.0,
      1.0,
      0.0,
      0.007400000002235174
    ],
    [
      0.0,
      0.0,
      1.0,
      0.016019999980926514
    ],
    [
      0.0,
      0.0,
      0.0,
      1.0
    ]
  ],
  "depth_scale": 0.0010000000474974513
}