{
  "device": {
    "name": "Intel RealSense D435I",
    "serial": "317622072663",
    "firmware": "5.17.3.10"
  },
  "intrinsics": {
    "ir1": {
      "width": 640,
      "height": 480,
      "fps": 30,
      "model": "distortion.brown_conrady",
      "fx": 390.0768737792969,
      "fy": 390.0768737792969,
      "ppx": 320.4515380859375,
      "ppy": 240.70755004882812,
      "coeffs": [
        0.0,
        0.0,
        0.0,
        0.0,
        0.0
      ]
    },
    "ir2": {
      "width": 640,
      "height": 480,
      "fps": 30,
      "model": "distortion.brown_conrady",
      "fx": 390.0768737792969,
      "fy": 390.0768737792969,
      "ppx": 320.4515380859375,
      "ppy": 240.70755004882812,
      "coeffs": [
        0.0,
        0.0,
        0.0,
        0.0,
        0.0
      ]
    },
    "color": {
      "width": 640,
      "height": 480,
      "fps": 30,
      "model": "distortion.inverse_brown_conrady",
      "fx": 608.5716552734375,
      "fy": 608.204833984375,
      "ppx": 324.1983337402344,
      "ppy": 243.3679962158203,
      "coeffs": [
        0.0,
        0.0,
        0.0,
        0.0,
        0.0
      ]
    },
    "depth": {
      "width": 640,
      "height": 480,
      "fps": 30,
      "model": "distortion.brown_conrady",
      "fx": 390.0768737792969,
      "fy": 390.0768737792969,
      "ppx": 320.4515380859375,
      "ppy": 240.70755004882812,
      "coeffs": [
        0.0,
        0.0,
        0.0,
        0.0,
        0.0
      ]
    }
  },
  "stereo_baseline_m": 0.05015215277671814,
  "T_ir1_to_ir2": [
    [
      1.0,
      0.0,
      0.0,
      -0.05015215277671814
    ],
    [
      0.0,
      1.0,
      0.0,
      0.0
    ],
    [
      0.0,
      0.0,
      1.0,
      0.0
    ],
    [
      0.0,
      0.0,
      0.0,
      1.0
    ]
  ],
  "T_b_c1_seed": [
    [
      1.0,
      0.0,
      0.0,
      -0.005520000122487545
    ],
    [
      0.0,
      1.0,
      0.0,
      0.005100000184029341
    ],
    [
      0.0,
      0.0,
      1.0,
      0.011739999987185001
    ],
    [
      0.0,
      0.0,
      0.0,
      1.0
    ]
  ],
  "imu": {
    "accel": {
      "fps": 100,
      "data": [
        [
          1.0,
          0.0,
          0.0,
          0.0
        ],
        [
          0.0,
          1.0,
          0.0,
          0.0
        ],
        [
          0.0,
          0.0,
          1.0,
          0.0
        ]
      ],
      "noise_variances": [
        0.0,
        0.0,
        0.0
      ],
      "bias_variances": [
        0.0,
        0.0,
        0.0
      ]
    },
    "gyro": {
      "fps": 200,
      "data": [
        [
          1.0,
          0.0,
          0.0,
          0.0
        ],
        [
          0.0,
          1.0,
          0.0,
          0.0
        ],
        [
          0.0,
          0.0,
          1.0,
          0.0
        ]
      ],
      "noise_variances": [
        0.0,
        0.0,
        0.0
      ],
      "bias_variances": [
        0.0,
        0.0,
        0.0
      ]
    }
  },
  "depth_scale": 0.0010000000474974513
}