{
  "device": {
    "name": "Intel RealSense D405",
    "serial": "409122272923",
    "firmware": "5.17.0.10"
  },
  "streams": {
    "infrared": {
      "width": 640,
      "height": 480,
      "fps": 30,
      "model": "distortion.brown_conrady",
      "fx": 388.09912109375,
      "fy": 388.09912109375,
      "ppx": 322.48077392578125,
      "ppy": 242.94203186035156,
      "coeffs": [
        0.0,
        0.0,
        0.0,
        0.0,
        0.0
      ]
    },
    "infrared_1": {
      "width": 640,
      "height": 480,
      "fps": 30,
      "model": "distortion.brown_conrady",
      "fx": 388.09912109375,
      "fy": 388.09912109375,
      "ppx": 322.48077392578125,
      "ppy": 242.94203186035156,
      "coeffs": [
        0.0,
        0.0,
        0.0,
        0.0,
        0.0
      ]
    },
    "infrared_2": {
      "width": 640,
      "height": 480,
      "fps": 30,
      "model": "distortion.brown_conrady",
      "fx": 388.09912109375,
      "fy": 388.09912109375,
      "ppx": 322.48077392578125,
      "ppy": 242.94203186035156,
      "coeffs": [
        0.0,
        0.0,
        0.0,
        0.0,
        0.0
      ]
    },
    "color": {
      "width": 640,
      "height": 480,
      "fps": 30,
      "model": "distortion.inverse_brown_conrady",
      "fx": 392.1491394042969,
      "fy": 391.16851806640625,
      "ppx": 319.8765869140625,
      "ppy": 244.61666870117188,
      "coeffs": [
        -0.051090892404317856,
        0.05701258033514023,
        -0.0004981392412446439,
        0.0010153278708457947,
        -0.01883695088326931
      ]
    },
    "depth": {
      "width": 640,
      "height": 480,
      "fps": 30,
      "model": "distortion.brown_conrady",
      "fx": 388.09912109375,
      "fy": 388.09912109375,
      "ppx": 322.48077392578125,
      "ppy": 242.94203186035156,
      "coeffs": [
        0.0,
        0.0,
        0.0,
        0.0,
        0.0
      ]
    }
  },
  "imu": {},
  "extrinsics": {
    "infrared_1_to_infrared": [
      [
        1.0,
        0.0,
        0.0,
        0.0
      ],
      [
        0.0,
        1.0,
        0.0,
        0.0
      ],
      [
        0.0,
        0.0,
        1.0,
        0.0
      ],
      [
        0.0,
        0.0,
        0.0,
        1.0
      ]
    ],
    "infrared_1_to_infrared_2": [
      [
        1.0,
        0.0,
        0.0,
        -0.018187962472438812
      ],
      [
        0.0,
        1.0,
        0.0,
        0.0
      ],
      [
        0.0,
        0.0,
        1.0,
        0.0
      ],
      [
        0.0,
        0.0,
        0.0,
        1.0
      ]
    ],
    "infrared_1_to_color": [
      [
        0.9999663233757019,
        0.0035700849257409573,
        0.007387274410575628,
        9.999999747378752e-06
      ],
      [
        -0.003563513047993183,
        0.9999932646751404,
        -0.0009025984909385443,
        1.0000001566368155e-05
      ],
      [
        -0.007390446960926056,
        0.0008762434590607882,
        0.9999722838401794,
        9.999999747378752e-06
      ],
      [
        0.0,
        0.0,
        0.0,
        1.0
      ]
    ],
    "infrared_1_to_depth": [
      [
        1.0,
        0.0,
        0.0,
        0.0
      ],
      [
        0.0,
        1.0,
        0.0,
        0.0
      ],
      [
        0.0,
        0.0,
        1.0,
        0.0
      ],
      [
        0.0,
        0.0,
        0.0,
        1.0
      ]
    ]
  },
  "stereo_baseline_m": 0.018187962472438812,
  "T_b_c1_seed": null,
  "depth_scale": 9.999999747378752e-05
}