{
  "tag_id": 13,
  "n_samples": 1063,
  "tx_slam_tag": [
    [
      0.9310801512218186,
      -0.3628392844949117,
      0.0379131326584316,
      -0.14534649234497743
    ],
    [
      -0.1470162944945385,
      -0.468295399752108,
      -0.8712552024086332,
      -0.011550093104429015
    ],
    [
      0.3338801598685529,
      0.8056345773353039,
      -0.4893638387211663,
      0.422702569761253
    ],
    [
      0.0,
      0.0,
      0.0,
      1.0
    ]
  ],
  "T_world_map": [
    [
      0.9310801512218189,
      -0.14701629449453854,
      0.33388015986855296,
      -0.007500819385892873
    ],
    [
      -0.36283928449491176,
      -0.46829539975210804,
      0.8056345773353041,
      -0.39869007888196334
    ],
    [
      0.03791313265843162,
      -0.8712552024086333,
      -0.48936383872116646,
      0.20230281431584338
    ],
    [
      0.0,
      0.0,
      0.0,
      1.0
    ]
  ],
  "translation_spread_cm": {
    "median": 0.6445508744706478,
    "max": 10.458248147697152
  }
}