{
  "tag_id": 13,
  "n_samples": 834,
  "tx_slam_tag": [
    [
      0.9677981862676053,
      0.14049119050678788,
      -0.20887531220112907,
      -0.05278281892486633
    ],
    [
      0.007996156621001102,
      -0.8465067491788705,
      -0.5323179360813555,
      -0.15937350123400207
    ],
    [
      -0.2516003420832852,
      0.5135061333466302,
      -0.8203710860817606,
      0.22979523500165952
    ],
    [
      0.0,
      0.0,
      0.0,
      1.0
    ]
  ],
  "T_world_map": [
    [
      0.9677981862676052,
      0.007996156621001092,
      -0.2516003420832851,
      0.11017405163420789
    ],
    [
      0.1404911905067878,
      -0.8465067491788697,
      0.5135061333466296,
      -0.2454964859529733
    ],
    [
      -0.208875312201129,
      -0.5323179360813551,
      -0.82037108608176,
      0.0926549654899943
    ],
    [
      0.0,
      0.0,
      0.0,
      1.0
    ]
  ],
  "translation_spread_cm": {
    "median": 7.120671856286674,
    "max": 24.87870415316051
  }
}