{
  "tag_id": 13,
  "n_samples": 738,
  "tx_slam_tag": [
    [
      0.9985291561984809,
      -0.05382737345934631,
      0.006491385677789032,
      -0.04502167066087822
    ],
    [
      -0.021494892623453526,
      -0.5029442632532413,
      -0.8640515248824928,
      -0.02260352159947807
    ],
    [
      0.04977442930517584,
      0.8626411084148048,
      -0.5033615244138367,
      0.4485526133995316
    ],
    [
      0.0,
      0.0,
      0.0,
      1.0
    ]
  ],
  "T_world_map": [
    [
      0.9985291561984809,
      -0.021494892623453526,
      0.049774429305175824,
      0.022143140200653087
    ],
    [
      -0.053827373459346295,
      -0.5029442632532409,
      0.8626411084148043,
      -0.40073163340353424
    ],
    [
      0.0064913856777890425,
      -0.8640515248824924,
      -0.5033615244138366,
      0.20654577298297333
    ],
    [
      0.0,
      0.0,
      0.0,
      1.0
    ]
  ],
  "translation_spread_cm": {
    "median": 0.6597103868004128,
    "max": 7.350274989313277
  }
}