{
  "tag_id": 13,
  "n_samples": 1060,
  "tx_slam_tag": [
    [
      0.9668091767490483,
      -0.25348038627454084,
      0.032057908976366026,
      -0.2522211187255921
    ],
    [
      -0.09857883499564447,
      -0.48583031945849875,
      -0.8684763174581991,
      0.09149455200031899
    ],
    [
      0.23571641657875442,
      0.8364906421885201,
      -0.49469301236858865,
      0.22666620169220544
    ],
    [
      0.0,
      0.0,
      0.0,
      1.0
    ]
  ],
  "T_world_map": [
    [
      0.9668091767490484,
      -0.09857883499564453,
      0.23571641657875445,
      0.19944017367604971
    ],
    [
      -0.25348038627454084,
      -0.48583031945849886,
      0.83649064218852,
      -0.2090864357900782
    ],
    [
      0.032057908976366026,
      -0.868476317458199,
      -0.4946930123685885,
      0.19967671937201012
    ],
    [
      0.0,
      0.0,
      0.0,
      1.0
    ]
  ],
  "translation_spread_cm": {
    "median": 0.42827201555522265,
    "max": 4.374528296136888
  }
}